state,applications,undisbursed,percentage
LA,2862,454,15.86303284416492
TN,2448,385,15.727124183006536
IL,11080,1713,15.460288808664261
NY,3854,594,15.412558380902958
MI,2870,429,14.947735191637632
GA,8865,1217,13.728144388042866
TX,7479,1022,13.664928466372508
CA,8837,1200,13.579268982686433
OH,3363,456,13.559322033898304
FL,6522,745,11.422876418276601
